IT Inventory Name,Type,Make,MODEL,Description,Retail Value,Payment Method,Assigned To,enCrypted,Status,Life Cycle,Purchase Date,Warranty Exp
CEO Office Printer,Printer,DELL,"Dell E514dw Wireless Monochrome Laser Multifunction Printer, Copier, Scanner","Print, copy and scan documents with this multifunctional printer;
Built-in wireless (802.11b/g/n) connection offers cable-free convenience; 2-line LCD makes operation simple.
Prints up to 27 pages per minute (ppm) in Simplex and up to 15 pages per minute (ppm) in Duplex; Up to 2400 x 600 optimized dpi (dots per inch) resolution for crisp images.
Copies up to 20 cpm copies per minute; Flatbed scanner with 24-bit color and 8 bit for gray scale.
Scan resolution up to 600 x 1200 dpi for quality and clarity; Automatic 2-sided printing saves paper and money.
Features an ADF automatic document feeder and built-in duplexer for automatic 2-sided printing; 250-sheet input tray and 100-sheet output tray; ENERGY STAR certified.",599,AMEX,,NO,ASSIGNED,Mid-Warranty,2022-03-02,2023-03-01
CEOs Laptop,Laptop,APPLE,"Apple 16.2"" MacBook Pro with M1 Max Chip (Late 2021, Space Gray)","Apple M1 Max 10-Core Chip
64GB Unified RAM | 2TB SSD
16.2"" 3456x2234 Liquid Retina XDR Screen
32-Core GPU | 16-Core Neural Engine
Wi-Fi 6 (802.11ax) | Bluetooth 5.0
Thunderbolt 4 | HDMI | MagSafe 3
SDXC Slot | FaceTime HD 1080p Camera
Backlit Magic Keyboard
Force Touch Trackpad | Touch ID Sensor
macOS",3999,VISA,,YES,ASSIGNED,Mid-Warranty,2022-04-04,2024-04-03
Richard's Monitor,Monitor,DELL,Dell UltraSharp 40 Curved WUHD Monitor - U4021QW,"Dell UltraSharp 40 Curved WUHD Monitor – U4021QW
Diagonal Image Size 100.85 cm (39.7 inches)
Active Display Area
Horizontal
Vertical
929.28 mm (35.59 inches)
392.04 mm (15.44 inches)
Maximum Preset Resolution 5120 x 2160 @ 60Hz
Aspect Ratio 21:9
Pixel Pitch 0.1815 mm x 0.1815 mm
Pixels Per Inch (PPI) 140
Brightness 300 cd/m² (typical)
Color Gamut11 100% sRGB, 100% Rec. 709 and 98% DCI-P3
Calibration Accuracy 100% sRGB with Delta-E < 2
Color Depth 1.07 billion colors
Contrast Ratio 1000: 1 (typical)
Viewing Angle 178° vertical / 178° horizontal
Response Time 5ms (gray to gray) fast mode; 8ms (gray to gray) normal mode
Panel Technology In-Plane Switching Technology
Backlight Technology LED
Display Screen Coating Anti-glare treatment of the front polarizer (3H) hard coating
ComfortView with Flicker-free Screen Yes with ComfortView Plus, built-in low blue light screen. TÜV Rheinland certified – Low Blue Light Hardware
Solution and Flicker Free (ID 1111229081)7
Dell Display Manager Yes with Dell Easy Arrange and other key features
Remote Asset Management Yes, via Dell Command | Monitor
Others Picture-by-Picture (PBP), Picture-in-Picture (PIP), KVM (Keyboard, Video and Mouse), Auto-KVM
Speakers Built-in 2 x 9W",2150,AMEX,,YES,ASSIGNED,Close to Warranty Expiration,2021-10-15,2022-10-16
IT VP - Tony,Laptop,APPLE,"Apple MacBook Pro 15"" 2018 Touch Bar Gray 2.2 GHz i7 16GB 256GB.","Model: i7, Maximum Resolution: 2880 x 1800
Operating System:	Mac OS	
Processor: Intel Core i7 8th Gen.
SSD Capacity: 256 GB, Screen Size: 15 in                               Graphics Processing Type: Dedicated Graphics
Item Height: 0.61, Item Width:	 9.48, Series:	 MacBook Pro Type:	Notebook/Laptop, Processor Speed: 2.20 GHz	
Features: Backlit Keyboard, Bluetooth, Built-in Microphone, Built-in Webcam, Force Touch Trackpad, Touch Bar, Wi-Fi
Color:	Gray, Hard Drive Capacity: 256 GB
MPN:	MR942LL/A, GPU: AMD Radeon RX 560
Item Length: 13.75, Release Year: 2018
Storage Type: SSD (Solid State Drive)	
RAM Size: 16 GB
Item Weight: 4.02	
",1400,AMEX,,YES,ASSIGNED,Warranty Expired,2018-06-01,2022-05-30
Lantronix001,Server,Server,Lantronix SLC 8000 - console server,"Type: Console server
Form Factor: Rack-mountable
Ports Qty: 48
Connectivity Technology: Wired
Data Link Protocol: Ethernet, Fast Ethernet, Gigabit Ethernet, RS-232
Routing Protocol: RIP, RIP-2
Features: 256KB packet buffer, Firewall protection, LDAP support, Manageable, Management Information Base (MIB), Packet filtering, VPN support                                            Interfaces: 1 x management - RJ-45, 1 x USB 2.0 - Type A, 2 x - SFP (mini-GBIC), 48 x RS-232 - RJ-45",5181.99,VISA,,YES,ASSIGNED,Mid-Warranty,2021-03-01,2024-02-28
LT001,Laptop,DELL,Inspiron 15 3000 ,"Processor: Intel® Celeron® N4020 (4 MB cache, 2 cores, 2 threads, up to 2.80 GHz)
Operating System: Windows 11 Pro for business)
Windows 11 Home (S mode), English
Graphics Card: Intel® UHD Graphics 600
Display: 15.6"", HD 1366x768, 60Hz, Non-Touch, Anti-Glare, LED-Backlit, Narrow Border
Memory: 4 GB, 1 x 4 GB, DDR4, 2400 MHz
Hard Drive: 128 GB, M.2, PCIe NVMe, SSD
Case: Carbon Black
Microsoft Office: No Microsoft Office Included
Security Software: No Anti-virus Required
Keyboard: Non-Backlit Keyboard, English
Ports: 
2 USB 3.2 Gen 1 ports
1 USB 2.0 port
1 Audio Jack
1 HDMI 1.4 port
HDMI 1.4 (Maximum resolution supported over HDMI is 1920x1080 @60Hz. No 4K/2K output)",980,PO,,YES,SCRAPPED,Warranty Expired,2015-01-03,2019-01-02
LT002,Laptop,DELL,Inspiron 15 3000 ,"Processor: Intel® Celeron® N4020 (4 MB cache, 2 cores, 2 threads, up to 2.80 GHz)
Operating System: Windows 11 Pro for business)
Windows 11 Home (S mode), English
Graphics Card: Intel® UHD Graphics 600
Display: 15.6"", HD 1366x768, 60Hz, Non-Touch, Anti-Glare, LED-Backlit, Narrow Border
Memory: 4 GB, 1 x 4 GB, DDR4, 2400 MHz
Hard Drive: 128 GB, M.2, PCIe NVMe, SSD
Case: Carbon Black
Microsoft Office: No Microsoft Office Included
Security Software: No Anti-virus Required
Keyboard: Non-Backlit Keyboard, English
Ports: 
2 USB 3.2 Gen 1 ports
1 USB 2.0 port
1 Audio Jack
1 HDMI 1.4 port
HDMI 1.4 (Maximum resolution supported over HDMI is 1920x1080 @60Hz. No 4K/2K output)",980,PO,,YES,SCRAPPED,Warranty Expired,2015-01-03,2019-01-02
LT003,Laptop,DELL,Inspiron 15 3000,"Processor: Intel® Celeron® N4020 (4 MB cache, 2 cores, 2 threads, up to 2.80 GHz)
Operating System: Windows 11 Pro for business)
Windows 11 Home (S mode), English
Graphics Card: Intel® UHD Graphics 600
Display: 15.6"", HD 1366x768, 60Hz, Non-Touch, Anti-Glare, LED-Backlit, Narrow Border
Memory: 4 GB, 1 x 4 GB, DDR4, 2400 MHz
Hard Drive: 128 GB, M.2, PCIe NVMe, SSD
Case: Carbon Black
Microsoft Office: No Microsoft Office Included
Security Software: No Anti-virus Required
Keyboard: Non-Backlit Keyboard, English
Ports: 
2 USB 3.2 Gen 1 ports
1 USB 2.0 port
1 Audio Jack
1 HDMI 1.4 port
HDMI 1.4 (Maximum resolution supported over HDMI is 1920x1080 @60Hz. No 4K/2K output)",980,PO,,YES,SCRAPPED,Warranty Expired,2015-01-03,2019-01-02
LT004,Laptop,DELL,Inspiron 15 3000,"Processor: Intel® Celeron® N4020 (4 MB cache, 2 cores, 2 threads, up to 2.80 GHz)
Operating System: Windows 11 Pro for business)
Windows 11 Home (S mode), English
Graphics Card: Intel® UHD Graphics 600
Display: 15.6"", HD 1366x768, 60Hz, Non-Touch, Anti-Glare, LED-Backlit, Narrow Border
Memory: 4 GB, 1 x 4 GB, DDR4, 2400 MHz
Hard Drive: 128 GB, M.2, PCIe NVMe, SSD
Case: Carbon Black
Microsoft Office: No Microsoft Office Included
Security Software: No Anti-virus Required
Keyboard: Non-Backlit Keyboard, English
Ports: 
2 USB 3.2 Gen 1 ports
1 USB 2.0 port
1 Audio Jack
1 HDMI 1.4 port
HDMI 1.4 (Maximum resolution supported over HDMI is 1920x1080 @60Hz. No 4K/2K output)",980,PO,,YES,SCRAPPED,Warranty Expired,2015-01-03,2019-01-02
LT005,Laptop,DELL,Inspiron 15 3000,"Processor: Intel® Celeron® N4020 (4 MB cache, 2 cores, 2 threads, up to 2.80 GHz)
Operating System: Windows 11 Pro for business)
Windows 11 Home (S mode), English
Graphics Card: Intel® UHD Graphics 600
Display: 15.6"", HD 1366x768, 60Hz, Non-Touch, Anti-Glare, LED-Backlit, Narrow Border
Memory: 4 GB, 1 x 4 GB, DDR4, 2400 MHz
Hard Drive: 128 GB, M.2, PCIe NVMe, SSD
Case: Carbon Black
Microsoft Office: No Microsoft Office Included
Security Software: No Anti-virus Required
Keyboard: Non-Backlit Keyboard, English
Ports: 
2 USB 3.2 Gen 1 ports
1 USB 2.0 port
1 Audio Jack
1 HDMI 1.4 port
HDMI 1.4 (Maximum resolution supported over HDMI is 1920x1080 @60Hz. No 4K/2K output)",980,PO,,YES,SCRAPPED,Warranty Expired,2015-01-03,2019-01-02
LT006,Laptop,DELL,Inspiron 15 3000,"Processor: Intel® Celeron® N4020 (4 MB cache, 2 cores, 2 threads, up to 2.80 GHz)
Operating System: Windows 11 Pro for business)
Windows 11 Home (S mode), English
Graphics Card: Intel® UHD Graphics 600
Display: 15.6"", HD 1366x768, 60Hz, Non-Touch, Anti-Glare, LED-Backlit, Narrow Border
Memory: 4 GB, 1 x 4 GB, DDR4, 2400 MHz
Hard Drive: 128 GB, M.2, PCIe NVMe, SSD
Case: Carbon Black
Microsoft Office: No Microsoft Office Included
Security Software: No Anti-virus Required
Keyboard: Non-Backlit Keyboard, English
Ports: 
2 USB 3.2 Gen 1 ports
1 USB 2.0 port
1 Audio Jack
1 HDMI 1.4 port
HDMI 1.4 (Maximum resolution supported over HDMI is 1920x1080 @60Hz. No 4K/2K output)",980,PO,,YES,DONATED,Warranty Expired,2015-01-03,2019-01-02
LT007,Laptop,DELL,Inspiron 15 3000,"Processor: Intel® Celeron® N4020 (4 MB cache, 2 cores, 2 threads, up to 2.80 GHz)
Operating System: Windows 11 Pro for business)
Windows 11 Home (S mode), English
Graphics Card: Intel® UHD Graphics 600
Display: 15.6"", HD 1366x768, 60Hz, Non-Touch, Anti-Glare, LED-Backlit, Narrow Border
Memory: 4 GB, 1 x 4 GB, DDR4, 2400 MHz
Hard Drive: 128 GB, M.2, PCIe NVMe, SSD
Case: Carbon Black
Microsoft Office: No Microsoft Office Included
Security Software: No Anti-virus Required
Keyboard: Non-Backlit Keyboard, English
Ports: 
2 USB 3.2 Gen 1 ports
1 USB 2.0 port
1 Audio Jack
1 HDMI 1.4 port
HDMI 1.4 (Maximum resolution supported over HDMI is 1920x1080 @60Hz. No 4K/2K output)",980,PO,,YES,DONATED,Warranty Expired,2015-01-03,2019-01-02
LT008,Laptop,DELL,Inspiron 15 3000,"Processor: Intel® Celeron® N4020 (4 MB cache, 2 cores, 2 threads, up to 2.80 GHz)
Operating System: Windows 11 Pro for business)
Windows 11 Home (S mode), English
Graphics Card: Intel® UHD Graphics 600
Display: 15.6"", HD 1366x768, 60Hz, Non-Touch, Anti-Glare, LED-Backlit, Narrow Border
Memory: 4 GB, 1 x 4 GB, DDR4, 2400 MHz
Hard Drive: 128 GB, M.2, PCIe NVMe, SSD
Case: Carbon Black
Microsoft Office: No Microsoft Office Included
Security Software: No Anti-virus Required
Keyboard: Non-Backlit Keyboard, English
Ports: 
2 USB 3.2 Gen 1 ports
1 USB 2.0 port
1 Audio Jack
1 HDMI 1.4 port
HDMI 1.4 (Maximum resolution supported over HDMI is 1920x1080 @60Hz. No 4K/2K output)",980,PO,,YES,DONATED,Warranty Expired,2015-01-03,2019-01-02
LT009,Laptop,DELL,Inspiron 15 3000,"Processor: Intel® Celeron® N4020 (4 MB cache, 2 cores, 2 threads, up to 2.80 GHz)
Operating System: Windows 11 Pro for business)
Windows 11 Home (S mode), English
Graphics Card: Intel® UHD Graphics 600
Display: 15.6"", HD 1366x768, 60Hz, Non-Touch, Anti-Glare, LED-Backlit, Narrow Border
Memory: 4 GB, 1 x 4 GB, DDR4, 2400 MHz
Hard Drive: 128 GB, M.2, PCIe NVMe, SSD
Case: Carbon Black
Microsoft Office: No Microsoft Office Included
Security Software: No Anti-virus Required
Keyboard: Non-Backlit Keyboard, English
Ports: 
2 USB 3.2 Gen 1 ports
1 USB 2.0 port
1 Audio Jack
1 HDMI 1.4 port
HDMI 1.4 (Maximum resolution supported over HDMI is 1920x1080 @60Hz. No 4K/2K output)",1050,PO,,YES,DONATED,Warranty Expired,2015-01-03,2019-01-02
LT010,Laptop,DELL,Inspiron 15 3000,"Processor: Intel® Celeron® N4020 (4 MB cache, 2 cores, 2 threads, up to 2.80 GHz)
Operating System: Windows 11 Pro for business)
Windows 11 Home (S mode), English
Graphics Card: Intel® UHD Graphics 600
Display: 15.6"", HD 1366x768, 60Hz, Non-Touch, Anti-Glare, LED-Backlit, Narrow Border
Memory: 4 GB, 1 x 4 GB, DDR4, 2400 MHz
Hard Drive: 128 GB, M.2, PCIe NVMe, SSD
Case: Carbon Black
Microsoft Office: No Microsoft Office Included
Security Software: No Anti-virus Required
Keyboard: Non-Backlit Keyboard, English
Ports: 
2 USB 3.2 Gen 1 ports
1 USB 2.0 port
1 Audio Jack
1 HDMI 1.4 port
HDMI 1.4 (Maximum resolution supported over HDMI is 1920x1080 @60Hz. No 4K/2K output)",980,PO,,YES,SCRAPPED,Warranty Expired,2015-01-03,2019-01-02
LT011,Laptop,DELL,Inspiron 15 3000,"Processor: Intel® Celeron® N4020 (4 MB cache, 2 cores, 2 threads, up to 2.80 GHz)
Operating System: Windows 11 Pro for business)
Windows 11 Home (S mode), English
Graphics Card: Intel® UHD Graphics 600
Display: 15.6"", HD 1366x768, 60Hz, Non-Touch, Anti-Glare, LED-Backlit, Narrow Border
Memory: 4 GB, 1 x 4 GB, DDR4, 2400 MHz
Hard Drive: 128 GB, M.2, PCIe NVMe, SSD
Case: Carbon Black
Microsoft Office: No Microsoft Office Included
Security Software: No Anti-virus Required
Keyboard: Non-Backlit Keyboard, English
Ports: 
2 USB 3.2 Gen 1 ports
1 USB 2.0 port
1 Audio Jack
1 HDMI 1.4 port
HDMI 1.4 (Maximum resolution supported over HDMI is 1920x1080 @60Hz. No 4K/2K output)",980,PO,,YES,SCRAPPED,Warranty Expired,2015-01-03,2019-01-02
LT012,Laptop,IBM,"ThinkPad X1 Carbon Gen 9 Intel (14"") - Black",,1290,MASTERCARD,,YES,ASSIGNED,Close to Warranty Expiration,2018-12-20,2022-12-20
LT013,Laptop,IBM,"ThinkPad X1 Carbon Gen 9 Intel (14"") - Black",,1290,MASTERCARD,,YES,ASSIGNED,Close to Warranty Expiration,2018-12-20,2022-12-20
LT014,Laptop,IBM,"ThinkPad X1 Carbon Gen 9 Intel (14"") - Black","Processor: 11th Generation Intel® Core™ i5-1135G7 Processor (2.40 GHz up to 4.20 GHz)
Operating System: Windows 11 Pro 64
Graphics: Integrated Intel® Iris® Xe Graphics
Memory: 16 GB LPDDR4X-4266MHz (Soldered)
Storage: 512 GB SSD M.2 2280 PCIe TLC Opal
Display: 14"" WUXGA (1920 x 1200), IPS, Anti-Glare, Non-Touch, 100%sRGB, 400 nits, LED Backlight, Narrow Bezel, Low Power, Low Blue Light
Camera: 720P HD IR/RGB Hybrid with ThinkShutter and Human Presence Detection. Fingerprint Reader
Keyboard:Backlit, Black - English (US)
WLAN: Intel® Wi-Fi 6 AX201 2x2 AX & Bluetooth® 5.1 or above",1290,MASTERCARD,,YES,ASSIGNED,Close to Warranty Expiration,2018-12-20,2022-12-20
LT015,Laptop,IBM,"ThinkPad X1 Carbon Gen 9 Intel (14"") - Black","Processor: 11th Generation Intel® Core™ i5-1135G7 Processor (2.40 GHz up to 4.20 GHz)
Operating System: Windows 11 Pro 64
Graphics: Integrated Intel® Iris® Xe Graphics
Memory: 16 GB LPDDR4X-4266MHz (Soldered)
Storage: 512 GB SSD M.2 2280 PCIe TLC Opal
Display: 14"" WUXGA (1920 x 1200), IPS, Anti-Glare, Non-Touch, 100%sRGB, 400 nits, LED Backlight, Narrow Bezel, Low Power, Low Blue Light
Camera: 720P HD IR/RGB Hybrid with ThinkShutter and Human Presence Detection. Fingerprint Reader
Keyboard:Backlit, Black - English (US)
WLAN: Intel® Wi-Fi 6 AX201 2x2 AX & Bluetooth® 5.1 or above",1290,MASTERCARD,,YES,ASSIGNED,Close to Warranty Expiration,2018-12-20,2022-12-20
LT016,Laptop,IBM,"ThinkPad X1 Carbon Gen 9 Intel (14"") - Black","Processor: 11th Generation Intel® Core™ i5-1135G7 Processor (2.40 GHz up to 4.20 GHz)
Operating System: Windows 11 Pro 64
Graphics: Integrated Intel® Iris® Xe Graphics
Memory: 16 GB LPDDR4X-4266MHz (Soldered)
Storage: 512 GB SSD M.2 2280 PCIe TLC Opal
Display: 14"" WUXGA (1920 x 1200), IPS, Anti-Glare, Non-Touch, 100%sRGB, 400 nits, LED Backlight, Narrow Bezel, Low Power, Low Blue Light
Camera: 720P HD IR/RGB Hybrid with ThinkShutter and Human Presence Detection. Fingerprint Reader
Keyboard:Backlit, Black - English (US)
WLAN: Intel® Wi-Fi 6 AX201 2x2 AX & Bluetooth® 5.1 or above",1290,MASTERCARD,,YES,ASSIGNED,Close to Warranty Expiration,2018-12-20,2022-12-20
LT017,Laptop,IBM,"ThinkPad X1 Carbon Gen 9 Intel (14"") - Black","Processor: 11th Generation Intel® Core™ i5-1135G7 Processor (2.40 GHz up to 4.20 GHz)
Operating System: Windows 11 Pro 64
Graphics: Integrated Intel® Iris® Xe Graphics
Memory: 16 GB LPDDR4X-4266MHz (Soldered)
Storage: 512 GB SSD M.2 2280 PCIe TLC Opal
Display: 14"" WUXGA (1920 x 1200), IPS, Anti-Glare, Non-Touch, 100%sRGB, 400 nits, LED Backlight, Narrow Bezel, Low Power, Low Blue Light
Camera: 720P HD IR/RGB Hybrid with ThinkShutter and Human Presence Detection. Fingerprint Reader
Keyboard:Backlit, Black - English (US)
WLAN: Intel® Wi-Fi 6 AX201 2x2 AX & Bluetooth® 5.1 or above",1290,MASTERCARD,,YES,ASSIGNED,Close to Warranty Expiration,2018-12-20,2022-12-20
LT018,Laptop,IBM,"ThinkPad X1 Carbon Gen 9 Intel (14"") - Black","Processor: 11th Generation Intel® Core™ i5-1135G7 Processor (2.40 GHz up to 4.20 GHz)
Operating System: Windows 11 Pro 64
Graphics: Integrated Intel® Iris® Xe Graphics
Memory: 16 GB LPDDR4X-4266MHz (Soldered)
Storage: 512 GB SSD M.2 2280 PCIe TLC Opal
Display: 14"" WUXGA (1920 x 1200), IPS, Anti-Glare, Non-Touch, 100%sRGB, 400 nits, LED Backlight, Narrow Bezel, Low Power, Low Blue Light
Camera: 720P HD IR/RGB Hybrid with ThinkShutter and Human Presence Detection. Fingerprint Reader
Keyboard:Backlit, Black - English (US)
WLAN: Intel® Wi-Fi 6 AX201 2x2 AX & Bluetooth® 5.1 or above",1290,MASTERCARD,,YES,ASSIGNED,Close to Warranty Expiration,2018-12-20,2022-12-20
LT019,Laptop,IBM,"ThinkPad X1 Carbon Gen 9 Intel (14"") - Black","Processor: 11th Generation Intel® Core™ i5-1135G7 Processor (2.40 GHz up to 4.20 GHz)
Operating System: Windows 11 Pro 64
Graphics: Integrated Intel® Iris® Xe Graphics
Memory: 16 GB LPDDR4X-4266MHz (Soldered)
Storage: 512 GB SSD M.2 2280 PCIe TLC Opal
Display: 14"" WUXGA (1920 x 1200), IPS, Anti-Glare, Non-Touch, 100%sRGB, 400 nits, LED Backlight, Narrow Bezel, Low Power, Low Blue Light
Camera: 720P HD IR/RGB Hybrid with ThinkShutter and Human Presence Detection. Fingerprint Reader
Keyboard:Backlit, Black - English (US)
WLAN: Intel® Wi-Fi 6 AX201 2x2 AX & Bluetooth® 5.1 or above",1290,MASTERCARD,,YES,ASSIGNED,Close to Warranty Expiration,2018-12-20,2022-12-20
LT020,Laptop,IBM,"ThinkPad X1 Carbon Gen 9 Intel (14"") - Black","Processor: 11th Generation Intel® Core™ i5-1135G7 Processor (2.40 GHz up to 4.20 GHz)
Operating System: Windows 11 Pro 64
Graphics: Integrated Intel® Iris® Xe Graphics
Memory: 16 GB LPDDR4X-4266MHz (Soldered)
Storage: 512 GB SSD M.2 2280 PCIe TLC Opal
Display: 14"" WUXGA (1920 x 1200), IPS, Anti-Glare, Non-Touch, 100%sRGB, 400 nits, LED Backlight, Narrow Bezel, Low Power, Low Blue Light
Camera: 720P HD IR/RGB Hybrid with ThinkShutter and Human Presence Detection. Fingerprint Reader
Keyboard:Backlit, Black - English (US)
WLAN: Intel® Wi-Fi 6 AX201 2x2 AX & Bluetooth® 5.1 or above",1290,MASTERCARD,,YES,ASSIGNED,Close to Warranty Expiration,2018-12-20,2022-12-20
LT021,Laptop,IBM,"ThinkPad X1 Carbon Gen 9 Intel (14"") - Black","Processor: 11th Generation Intel® Core™ i5-1135G7 Processor (2.40 GHz up to 4.20 GHz)
Operating System: Windows 11 Pro 64
Graphics: Integrated Intel® Iris® Xe Graphics
Memory: 16 GB LPDDR4X-4266MHz (Soldered)
Storage: 512 GB SSD M.2 2280 PCIe TLC Opal
Display: 14"" WUXGA (1920 x 1200), IPS, Anti-Glare, Non-Touch, 100%sRGB, 400 nits, LED Backlight, Narrow Bezel, Low Power, Low Blue Light
Camera: 720P HD IR/RGB Hybrid with ThinkShutter and Human Presence Detection. Fingerprint Reader
Keyboard:Backlit, Black - English (US)
WLAN: Intel® Wi-Fi 6 AX201 2x2 AX & Bluetooth® 5.1 or above",1290,MASTERCARD,,YES,ASSIGNED,Close to Warranty Expiration,2018-12-20,2022-12-20
LT022,Laptop,IBM,"ThinkPad X1 Carbon Gen 9 Intel (14"") - Black","Processor: 11th Generation Intel® Core™ i5-1135G7 Processor (2.40 GHz up to 4.20 GHz)
Operating System: Windows 11 Pro 64
Graphics: Integrated Intel® Iris® Xe Graphics
Memory: 16 GB LPDDR4X-4266MHz (Soldered)
Storage: 512 GB SSD M.2 2280 PCIe TLC Opal
Display: 14"" WUXGA (1920 x 1200), IPS, Anti-Glare, Non-Touch, 100%sRGB, 400 nits, LED Backlight, Narrow Bezel, Low Power, Low Blue Light
Camera: 720P HD IR/RGB Hybrid with ThinkShutter and Human Presence Detection. Fingerprint Reader
Keyboard:Backlit, Black - English (US)
WLAN: Intel® Wi-Fi 6 AX201 2x2 AX & Bluetooth® 5.1 or above",1290,MASTERCARD,,YES,ASSIGNED,Close to Warranty Expiration,2018-12-20,2022-12-20
LT023,Laptop,IBM,"ThinkPad X1 Carbon Gen 9 Intel (14"") - Black","Processor: 11th Generation Intel® Core™ i5-1135G7 Processor (2.40 GHz up to 4.20 GHz)
Operating System: Windows 11 Pro 64
Graphics: Integrated Intel® Iris® Xe Graphics
Memory: 16 GB LPDDR4X-4266MHz (Soldered)
Storage: 512 GB SSD M.2 2280 PCIe TLC Opal
Display: 14"" WUXGA (1920 x 1200), IPS, Anti-Glare, Non-Touch, 100%sRGB, 400 nits, LED Backlight, Narrow Bezel, Low Power, Low Blue Light
Camera: 720P HD IR/RGB Hybrid with ThinkShutter and Human Presence Detection. Fingerprint Reader
Keyboard:Backlit, Black - English (US)
WLAN: Intel® Wi-Fi 6 AX201 2x2 AX & Bluetooth® 5.1 or above",1290,MASTERCARD,,YES,ASSIGNED,Close to Warranty Expiration,2018-12-20,2022-12-20
LT024,Laptop,IBM,"ThinkPad X1 Carbon Gen 9 Intel (14"") - Black","Processor: 11th Generation Intel® Core™ i5-1135G7 Processor (2.40 GHz up to 4.20 GHz)
Operating System: Windows 11 Pro 64
Graphics: Integrated Intel® Iris® Xe Graphics
Memory: 16 GB LPDDR4X-4266MHz (Soldered)
Storage: 512 GB SSD M.2 2280 PCIe TLC Opal
Display: 14"" WUXGA (1920 x 1200), IPS, Anti-Glare, Non-Touch, 100%sRGB, 400 nits, LED Backlight, Narrow Bezel, Low Power, Low Blue Light
Camera: 720P HD IR/RGB Hybrid with ThinkShutter and Human Presence Detection. Fingerprint Reader
Keyboard:Backlit, Black - English (US)
WLAN: Intel® Wi-Fi 6 AX201 2x2 AX & Bluetooth® 5.1 or above",1290,MASTERCARD,,YES,ASSIGNED,Close to Warranty Expiration,2018-12-20,2022-12-20
LT025,Laptop,IBM,"ThinkPad X1 Carbon Gen 9 Intel (14"") - Black","Processor: 11th Generation Intel® Core™ i5-1135G7 Processor (2.40 GHz up to 4.20 GHz)
Operating System: Windows 11 Pro 64
Graphics: Integrated Intel® Iris® Xe Graphics
Memory: 16 GB LPDDR4X-4266MHz (Soldered)
Storage: 512 GB SSD M.2 2280 PCIe TLC Opal
Display: 14"" WUXGA (1920 x 1200), IPS, Anti-Glare, Non-Touch, 100%sRGB, 400 nits, LED Backlight, Narrow Bezel, Low Power, Low Blue Light
Camera: 720P HD IR/RGB Hybrid with ThinkShutter and Human Presence Detection. Fingerprint Reader
Keyboard:Backlit, Black - English (US)
WLAN: Intel® Wi-Fi 6 AX201 2x2 AX & Bluetooth® 5.1 or above",1290,MASTERCARD,,YES,ASSIGNED,Close to Warranty Expiration,2018-12-20,2022-12-20
LT026,Laptop,IBM,"ThinkPad X1 Carbon Gen 9 Intel (14"") - Black","Processor: 11th Generation Intel® Core™ i5-1135G7 Processor (2.40 GHz up to 4.20 GHz)
Operating System: Windows 11 Pro 64
Graphics: Integrated Intel® Iris® Xe Graphics
Memory: 16 GB LPDDR4X-4266MHz (Soldered)
Storage: 512 GB SSD M.2 2280 PCIe TLC Opal
Display: 14"" WUXGA (1920 x 1200), IPS, Anti-Glare, Non-Touch, 100%sRGB, 400 nits, LED Backlight, Narrow Bezel, Low Power, Low Blue Light
Camera: 720P HD IR/RGB Hybrid with ThinkShutter and Human Presence Detection. Fingerprint Reader
Keyboard:Backlit, Black - English (US)
WLAN: Intel® Wi-Fi 6 AX201 2x2 AX & Bluetooth® 5.1 or above",1290,MASTERCARD,,YES,ASSIGNED,Close to Warranty Expiration,2018-12-20,2022-12-20
LT027,Laptop,IBM,"ThinkPad X1 Carbon Gen 9 Intel (14"") - Black","Processor: 11th Generation Intel® Core™ i5-1135G7 Processor (2.40 GHz up to 4.20 GHz)
Operating System: Windows 11 Pro 64
Graphics: Integrated Intel® Iris® Xe Graphics
Memory: 16 GB LPDDR4X-4266MHz (Soldered)
Storage: 512 GB SSD M.2 2280 PCIe TLC Opal
Display: 14"" WUXGA (1920 x 1200), IPS, Anti-Glare, Non-Touch, 100%sRGB, 400 nits, LED Backlight, Narrow Bezel, Low Power, Low Blue Light
Camera: 720P HD IR/RGB Hybrid with ThinkShutter and Human Presence Detection. Fingerprint Reader
Keyboard:Backlit, Black - English (US)
WLAN: Intel® Wi-Fi 6 AX201 2x2 AX & Bluetooth® 5.1 or above",1290,MASTERCARD,,YES,ASSIGNED,Close to Warranty Expiration,2018-12-20,2022-12-20
LT028,Laptop,IBM,"ThinkPad X1 Carbon Gen 9 Intel (14"") - Black","Processor: 11th Generation Intel® Core™ i5-1135G7 Processor (2.40 GHz up to 4.20 GHz)
Operating System: Windows 11 Pro 64
Graphics: Integrated Intel® Iris® Xe Graphics
Memory: 16 GB LPDDR4X-4266MHz (Soldered)
Storage: 512 GB SSD M.2 2280 PCIe TLC Opal
Display: 14"" WUXGA (1920 x 1200), IPS, Anti-Glare, Non-Touch, 100%sRGB, 400 nits, LED Backlight, Narrow Bezel, Low Power, Low Blue Light
Camera: 720P HD IR/RGB Hybrid with ThinkShutter and Human Presence Detection. Fingerprint Reader
Keyboard:Backlit, Black - English (US)
WLAN: Intel® Wi-Fi 6 AX201 2x2 AX & Bluetooth® 5.1 or above",1290,MASTERCARD,,YES,ASSIGNED,Close to Warranty Expiration,2018-12-20,2022-12-20
LT029,Laptop,IBM,"ThinkPad X1 Carbon Gen 9 Intel (14"") - Black","Processor: 11th Generation Intel® Core™ i5-1135G7 Processor (2.40 GHz up to 4.20 GHz)
Operating System: Windows 11 Pro 64
Graphics: Integrated Intel® Iris® Xe Graphics
Memory: 16 GB LPDDR4X-4266MHz (Soldered)
Storage: 512 GB SSD M.2 2280 PCIe TLC Opal
Display: 14"" WUXGA (1920 x 1200), IPS, Anti-Glare, Non-Touch, 100%sRGB, 400 nits, LED Backlight, Narrow Bezel, Low Power, Low Blue Light
Camera: 720P HD IR/RGB Hybrid with ThinkShutter and Human Presence Detection. Fingerprint Reader
Keyboard:Backlit, Black - English (US)
WLAN: Intel® Wi-Fi 6 AX201 2x2 AX & Bluetooth® 5.1 or above",1290,MASTERCARD,,YES,ASSIGNED,Close to Warranty Expiration,2018-12-20,2022-12-20
LT030,Laptop,IBM,"ThinkPad X1 Carbon Gen 9 Intel (14"") - Black","Processor: 11th Generation Intel® Core™ i5-1135G7 Processor (2.40 GHz up to 4.20 GHz)
Operating System: Windows 11 Pro 64
Graphics: Integrated Intel® Iris® Xe Graphics
Memory: 16 GB LPDDR4X-4266MHz (Soldered)
Storage: 512 GB SSD M.2 2280 PCIe TLC Opal
Display: 14"" WUXGA (1920 x 1200), IPS, Anti-Glare, Non-Touch, 100%sRGB, 400 nits, LED Backlight, Narrow Bezel, Low Power, Low Blue Light
Camera: 720P HD IR/RGB Hybrid with ThinkShutter and Human Presence Detection. Fingerprint Reader
Keyboard:Backlit, Black - English (US)
WLAN: Intel® Wi-Fi 6 AX201 2x2 AX & Bluetooth® 5.1 or above",1290,MASTERCARD,,YES,ASSIGNED,Close to Warranty Expiration,2018-12-20,2022-12-20
LT031,Laptop,IBM,"ThinkPad X1 Carbon Gen 9 Intel (14"") - Black","Processor: 11th Generation Intel® Core™ i5-1135G7 Processor (2.40 GHz up to 4.20 GHz)
Operating System: Windows 11 Pro 64
Graphics: Integrated Intel® Iris® Xe Graphics
Memory: 16 GB LPDDR4X-4266MHz (Soldered)
Storage: 512 GB SSD M.2 2280 PCIe TLC Opal
Display: 14"" WUXGA (1920 x 1200), IPS, Anti-Glare, Non-Touch, 100%sRGB, 400 nits, LED Backlight, Narrow Bezel, Low Power, Low Blue Light
Camera: 720P HD IR/RGB Hybrid with ThinkShutter and Human Presence Detection. Fingerprint Reader
Keyboard:Backlit, Black - English (US)
WLAN: Intel® Wi-Fi 6 AX201 2x2 AX & Bluetooth® 5.1 or above",1290,MASTERCARD,,YES,ASSIGNED,Close to Warranty Expiration,2018-12-20,2022-12-20
LT032,Laptop,IBM,"ThinkPad X1 Carbon Gen 9 Intel (14"") - Black","Processor: 11th Generation Intel® Core™ i5-1135G7 Processor (2.40 GHz up to 4.20 GHz)
Operating System: Windows 11 Pro 64
Graphics: Integrated Intel® Iris® Xe Graphics
Memory: 16 GB LPDDR4X-4266MHz (Soldered)
Storage: 512 GB SSD M.2 2280 PCIe TLC Opal
Display: 14"" WUXGA (1920 x 1200), IPS, Anti-Glare, Non-Touch, 100%sRGB, 400 nits, LED Backlight, Narrow Bezel, Low Power, Low Blue Light
Camera: 720P HD IR/RGB Hybrid with ThinkShutter and Human Presence Detection. Fingerprint Reader
Keyboard:Backlit, Black - English (US)
WLAN: Intel® Wi-Fi 6 AX201 2x2 AX & Bluetooth® 5.1 or above",1290,MASTERCARD,,YES,ASSIGNED,Close to Warranty Expiration,2018-12-20,2022-12-20
LT033,Laptop,IBM,"ThinkPad X1 Carbon Gen 9 Intel (14"") - Black","Processor: 11th Generation Intel® Core™ i5-1135G7 Processor (2.40 GHz up to 4.20 GHz)
Operating System: Windows 11 Pro 64
Graphics: Integrated Intel® Iris® Xe Graphics
Memory: 16 GB LPDDR4X-4266MHz (Soldered)
Storage: 512 GB SSD M.2 2280 PCIe TLC Opal
Display: 14"" WUXGA (1920 x 1200), IPS, Anti-Glare, Non-Touch, 100%sRGB, 400 nits, LED Backlight, Narrow Bezel, Low Power, Low Blue Light
Camera: 720P HD IR/RGB Hybrid with ThinkShutter and Human Presence Detection. Fingerprint Reader
Keyboard:Backlit, Black - English (US)
WLAN: Intel® Wi-Fi 6 AX201 2x2 AX & Bluetooth® 5.1 or above",1290,MASTERCARD,,YES,ASSIGNED,Close to Warranty Expiration,2018-12-20,2022-12-20
LT034,Laptop,IBM,"ThinkPad X1 Carbon Gen 9 Intel (14"") - Black","Processor: 11th Generation Intel® Core™ i5-1135G7 Processor (2.40 GHz up to 4.20 GHz)
Operating System: Windows 11 Pro 64
Graphics: Integrated Intel® Iris® Xe Graphics
Memory: 16 GB LPDDR4X-4266MHz (Soldered)
Storage: 512 GB SSD M.2 2280 PCIe TLC Opal
Display: 14"" WUXGA (1920 x 1200), IPS, Anti-Glare, Non-Touch, 100%sRGB, 400 nits, LED Backlight, Narrow Bezel, Low Power, Low Blue Light
Camera: 720P HD IR/RGB Hybrid with ThinkShutter and Human Presence Detection. Fingerprint Reader
Keyboard:Backlit, Black - English (US)
WLAN: Intel® Wi-Fi 6 AX201 2x2 AX & Bluetooth® 5.1 or above",1290,MASTERCARD,,YES,ASSIGNED,Close to Warranty Expiration,2018-12-20,2022-12-20
LT035,Laptop,IBM,"ThinkPad X1 Carbon Gen 9 Intel (14"") - Black","Processor: 11th Generation Intel® Core™ i5-1135G7 Processor (2.40 GHz up to 4.20 GHz)
Operating System: Windows 11 Pro 64
Graphics: Integrated Intel® Iris® Xe Graphics
Memory: 16 GB LPDDR4X-4266MHz (Soldered)
Storage: 512 GB SSD M.2 2280 PCIe TLC Opal
Display: 14"" WUXGA (1920 x 1200), IPS, Anti-Glare, Non-Touch, 100%sRGB, 400 nits, LED Backlight, Narrow Bezel, Low Power, Low Blue Light
Camera: 720P HD IR/RGB Hybrid with ThinkShutter and Human Presence Detection. Fingerprint Reader
Keyboard:Backlit, Black - English (US)
WLAN: Intel® Wi-Fi 6 AX201 2x2 AX & Bluetooth® 5.1 or above",1290,MASTERCARD,,YES,ASSIGNED,Close to Warranty Expiration,2018-12-20,2022-12-20
LT036,Laptop,IBM,"ThinkPad X1 Carbon Gen 9 Intel (14"") - Black","Processor: 11th Generation Intel® Core™ i5-1135G7 Processor (2.40 GHz up to 4.20 GHz)
Operating System: Windows 11 Pro 64
Graphics: Integrated Intel® Iris® Xe Graphics
Memory: 16 GB LPDDR4X-4266MHz (Soldered)
Storage: 512 GB SSD M.2 2280 PCIe TLC Opal
Display: 14"" WUXGA (1920 x 1200), IPS, Anti-Glare, Non-Touch, 100%sRGB, 400 nits, LED Backlight, Narrow Bezel, Low Power, Low Blue Light
Camera: 720P HD IR/RGB Hybrid with ThinkShutter and Human Presence Detection. Fingerprint Reader
Keyboard:Backlit, Black - English (US)
WLAN: Intel® Wi-Fi 6 AX201 2x2 AX & Bluetooth® 5.1 or above",1290,MASTERCARD,,YES,ASSIGNED,Close to Warranty Expiration,2018-12-20,2022-12-20
LT037,Laptop,IBM,"ThinkPad X1 Carbon Gen 9 Intel (14"") - Black","Processor: 11th Generation Intel® Core™ i5-1135G7 Processor (2.40 GHz up to 4.20 GHz)
Operating System: Windows 11 Pro 64
Graphics: Integrated Intel® Iris® Xe Graphics
Memory: 16 GB LPDDR4X-4266MHz (Soldered)
Storage: 512 GB SSD M.2 2280 PCIe TLC Opal
Display: 14"" WUXGA (1920 x 1200), IPS, Anti-Glare, Non-Touch, 100%sRGB, 400 nits, LED Backlight, Narrow Bezel, Low Power, Low Blue Light
Camera: 720P HD IR/RGB Hybrid with ThinkShutter and Human Presence Detection. Fingerprint Reader
Keyboard:Backlit, Black - English (US)
WLAN: Intel® Wi-Fi 6 AX201 2x2 AX & Bluetooth® 5.1 or above",1290,MASTERCARD,,YES,ASSIGNED,Close to Warranty Expiration,2018-12-20,2022-12-20
LT038,Laptop,IBM,"ThinkPad X1 Carbon Gen 9 Intel (14"") - Black","Processor: 11th Generation Intel® Core™ i5-1135G7 Processor (2.40 GHz up to 4.20 GHz)
Operating System: Windows 11 Pro 64
Graphics: Integrated Intel® Iris® Xe Graphics
Memory: 16 GB LPDDR4X-4266MHz (Soldered)
Storage: 512 GB SSD M.2 2280 PCIe TLC Opal
Display: 14"" WUXGA (1920 x 1200), IPS, Anti-Glare, Non-Touch, 100%sRGB, 400 nits, LED Backlight, Narrow Bezel, Low Power, Low Blue Light
Camera: 720P HD IR/RGB Hybrid with ThinkShutter and Human Presence Detection. Fingerprint Reader
Keyboard:Backlit, Black - English (US)
WLAN: Intel® Wi-Fi 6 AX201 2x2 AX & Bluetooth® 5.1 or above",1290,MASTERCARD,,YES,ASSIGNED,Close to Warranty Expiration,2018-12-20,2022-12-20
LT039,Laptop,IBM,"ThinkPad X1 Carbon Gen 9 Intel (14"") - Black","Processor: 11th Generation Intel® Core™ i5-1135G7 Processor (2.40 GHz up to 4.20 GHz)
Operating System: Windows 11 Pro 64
Graphics: Integrated Intel® Iris® Xe Graphics
Memory: 16 GB LPDDR4X-4266MHz (Soldered)
Storage: 512 GB SSD M.2 2280 PCIe TLC Opal
Display: 14"" WUXGA (1920 x 1200), IPS, Anti-Glare, Non-Touch, 100%sRGB, 400 nits, LED Backlight, Narrow Bezel, Low Power, Low Blue Light
Camera: 720P HD IR/RGB Hybrid with ThinkShutter and Human Presence Detection. Fingerprint Reader
Keyboard:Backlit, Black - English (US)
WLAN: Intel® Wi-Fi 6 AX201 2x2 AX & Bluetooth® 5.1 or above",1290,MASTERCARD,,YES,ASSIGNED,Close to Warranty Expiration,2018-12-20,2022-12-20
LT040,Laptop,IBM,"ThinkPad X1 Carbon Gen 9 Intel (14"") - Black","Processor: 11th Generation Intel® Core™ i5-1135G7 Processor (2.40 GHz up to 4.20 GHz)
Operating System: Windows 11 Pro 64
Graphics: Integrated Intel® Iris® Xe Graphics
Memory: 16 GB LPDDR4X-4266MHz (Soldered)
Storage: 512 GB SSD M.2 2280 PCIe TLC Opal
Display: 14"" WUXGA (1920 x 1200), IPS, Anti-Glare, Non-Touch, 100%sRGB, 400 nits, LED Backlight, Narrow Bezel, Low Power, Low Blue Light
Camera: 720P HD IR/RGB Hybrid with ThinkShutter and Human Presence Detection. Fingerprint Reader
Keyboard:Backlit, Black - English (US)
WLAN: Intel® Wi-Fi 6 AX201 2x2 AX & Bluetooth® 5.1 or above",1290,MASTERCARD,,YES,ASSIGNED,Close to Warranty Expiration,2018-12-20,2022-12-20
LT041,Laptop,IBM,"ThinkPad X1 Carbon Gen 9 Intel (14"") - Black","Processor: 11th Generation Intel® Core™ i5-1135G7 Processor (2.40 GHz up to 4.20 GHz)
Operating System: Windows 11 Pro 64
Graphics: Integrated Intel® Iris® Xe Graphics
Memory: 16 GB LPDDR4X-4266MHz (Soldered)
Storage: 512 GB SSD M.2 2280 PCIe TLC Opal
Display: 14"" WUXGA (1920 x 1200), IPS, Anti-Glare, Non-Touch, 100%sRGB, 400 nits, LED Backlight, Narrow Bezel, Low Power, Low Blue Light
Camera: 720P HD IR/RGB Hybrid with ThinkShutter and Human Presence Detection. Fingerprint Reader
Keyboard:Backlit, Black - English (US)
WLAN: Intel® Wi-Fi 6 AX201 2x2 AX & Bluetooth® 5.1 or above",1290,MASTERCARD,,YES,ASSIGNED,Close to Warranty Expiration,2018-12-20,2022-12-20
LT042,Laptop,IBM,"ThinkPad X1 Carbon Gen 9 Intel (14"") - Black","Processor: 11th Generation Intel® Core™ i5-1135G7 Processor (2.40 GHz up to 4.20 GHz)
Operating System: Windows 11 Pro 64
Graphics: Integrated Intel® Iris® Xe Graphics
Memory: 16 GB LPDDR4X-4266MHz (Soldered)
Storage: 512 GB SSD M.2 2280 PCIe TLC Opal
Display: 14"" WUXGA (1920 x 1200), IPS, Anti-Glare, Non-Touch, 100%sRGB, 400 nits, LED Backlight, Narrow Bezel, Low Power, Low Blue Light
Camera: 720P HD IR/RGB Hybrid with ThinkShutter and Human Presence Detection. Fingerprint Reader
Keyboard:Backlit, Black - English (US)
WLAN: Intel® Wi-Fi 6 AX201 2x2 AX & Bluetooth® 5.1 or above",1290,MASTERCARD,,YES,ASSIGNED,Close to Warranty Expiration,2018-12-20,2022-12-20
LT043,Laptop,IBM,"ThinkPad X1 Carbon Gen 9 Intel (14"") - Black","Processor: 11th Generation Intel® Core™ i5-1135G7 Processor (2.40 GHz up to 4.20 GHz)
Operating System: Windows 11 Pro 64
Graphics: Integrated Intel® Iris® Xe Graphics
Memory: 16 GB LPDDR4X-4266MHz (Soldered)
Storage: 512 GB SSD M.2 2280 PCIe TLC Opal
Display: 14"" WUXGA (1920 x 1200), IPS, Anti-Glare, Non-Touch, 100%sRGB, 400 nits, LED Backlight, Narrow Bezel, Low Power, Low Blue Light
Camera: 720P HD IR/RGB Hybrid with ThinkShutter and Human Presence Detection. Fingerprint Reader
Keyboard:Backlit, Black - English (US)
WLAN: Intel® Wi-Fi 6 AX201 2x2 AX & Bluetooth® 5.1 or above",1290,MASTERCARD,,YES,ASSIGNED,Close to Warranty Expiration,2018-12-20,2022-12-20
LT044,Laptop,IBM,"ThinkPad X1 Carbon Gen 9 Intel (14"") - Black","Processor: 11th Generation Intel® Core™ i5-1135G7 Processor (2.40 GHz up to 4.20 GHz)
Operating System: Windows 11 Pro 64
Graphics: Integrated Intel® Iris® Xe Graphics
Memory: 16 GB LPDDR4X-4266MHz (Soldered)
Storage: 512 GB SSD M.2 2280 PCIe TLC Opal
Display: 14"" WUXGA (1920 x 1200), IPS, Anti-Glare, Non-Touch, 100%sRGB, 400 nits, LED Backlight, Narrow Bezel, Low Power, Low Blue Light
Camera: 720P HD IR/RGB Hybrid with ThinkShutter and Human Presence Detection. Fingerprint Reader
Keyboard:Backlit, Black - English (US)
WLAN: Intel® Wi-Fi 6 AX201 2x2 AX & Bluetooth® 5.1 or above",1290,MASTERCARD,,YES,ASSIGNED,Close to Warranty Expiration,2018-12-20,2022-12-20
LT045,Laptop,IBM,"ThinkPad X1 Carbon Gen 9 Intel (14"") - Black","Processor: 11th Generation Intel® Core™ i5-1135G7 Processor (2.40 GHz up to 4.20 GHz)
Operating System: Windows 11 Pro 64
Graphics: Integrated Intel® Iris® Xe Graphics
Memory: 16 GB LPDDR4X-4266MHz (Soldered)
Storage: 512 GB SSD M.2 2280 PCIe TLC Opal
Display: 14"" WUXGA (1920 x 1200), IPS, Anti-Glare, Non-Touch, 100%sRGB, 400 nits, LED Backlight, Narrow Bezel, Low Power, Low Blue Light
Camera: 720P HD IR/RGB Hybrid with ThinkShutter and Human Presence Detection. Fingerprint Reader
Keyboard:Backlit, Black - English (US)
WLAN: Intel® Wi-Fi 6 AX201 2x2 AX & Bluetooth® 5.1 or above",1290,MASTERCARD,,YES,ASSIGNED,Close to Warranty Expiration,2018-12-20,2022-12-20
LT046,Laptop,IBM,"ThinkPad X1 Carbon Gen 9 Intel (14"") - Black","Processor: 11th Generation Intel® Core™ i5-1135G7 Processor (2.40 GHz up to 4.20 GHz)
Operating System: Windows 11 Pro 64
Graphics: Integrated Intel® Iris® Xe Graphics
Memory: 16 GB LPDDR4X-4266MHz (Soldered)
Storage: 512 GB SSD M.2 2280 PCIe TLC Opal
Display: 14"" WUXGA (1920 x 1200), IPS, Anti-Glare, Non-Touch, 100%sRGB, 400 nits, LED Backlight, Narrow Bezel, Low Power, Low Blue Light
Camera: 720P HD IR/RGB Hybrid with ThinkShutter and Human Presence Detection. Fingerprint Reader
Keyboard:Backlit, Black - English (US)
WLAN: Intel® Wi-Fi 6 AX201 2x2 AX & Bluetooth® 5.1 or above",1290,MASTERCARD,,YES,ASSIGNED,Close to Warranty Expiration,2018-12-20,2022-12-20
LT047,Laptop,IBM,"ThinkPad X1 Carbon Gen 9 Intel (14"") - Black","Processor: 11th Generation Intel® Core™ i5-1135G7 Processor (2.40 GHz up to 4.20 GHz)
Operating System: Windows 11 Pro 64
Graphics: Integrated Intel® Iris® Xe Graphics
Memory: 16 GB LPDDR4X-4266MHz (Soldered)
Storage: 512 GB SSD M.2 2280 PCIe TLC Opal
Display: 14"" WUXGA (1920 x 1200), IPS, Anti-Glare, Non-Touch, 100%sRGB, 400 nits, LED Backlight, Narrow Bezel, Low Power, Low Blue Light
Camera: 720P HD IR/RGB Hybrid with ThinkShutter and Human Presence Detection. Fingerprint Reader
Keyboard:Backlit, Black - English (US)
WLAN: Intel® Wi-Fi 6 AX201 2x2 AX & Bluetooth® 5.1 or above",1290,MASTERCARD,,YES,ASSIGNED,Close to Warranty Expiration,2018-12-20,2022-12-20
LT048,Laptop,IBM,"ThinkPad X1 Carbon Gen 9 Intel (14"") - Black","Processor: 11th Generation Intel® Core™ i5-1135G7 Processor (2.40 GHz up to 4.20 GHz)
Operating System: Windows 11 Pro 64
Graphics: Integrated Intel® Iris® Xe Graphics
Memory: 16 GB LPDDR4X-4266MHz (Soldered)
Storage: 512 GB SSD M.2 2280 PCIe TLC Opal
Display: 14"" WUXGA (1920 x 1200), IPS, Anti-Glare, Non-Touch, 100%sRGB, 400 nits, LED Backlight, Narrow Bezel, Low Power, Low Blue Light
Camera: 720P HD IR/RGB Hybrid with ThinkShutter and Human Presence Detection. Fingerprint Reader
Keyboard:Backlit, Black - English (US)
WLAN: Intel® Wi-Fi 6 AX201 2x2 AX & Bluetooth® 5.1 or above",1290,MASTERCARD,,YES,ASSIGNED,Close to Warranty Expiration,2018-12-20,2022-12-20
LT049,Laptop,IBM,"ThinkPad X1 Carbon Gen 9 Intel (14"") - Black","Processor: 11th Generation Intel® Core™ i5-1135G7 Processor (2.40 GHz up to 4.20 GHz)
Operating System: Windows 11 Pro 64
Graphics: Integrated Intel® Iris® Xe Graphics
Memory: 16 GB LPDDR4X-4266MHz (Soldered)
Storage: 512 GB SSD M.2 2280 PCIe TLC Opal
Display: 14"" WUXGA (1920 x 1200), IPS, Anti-Glare, Non-Touch, 100%sRGB, 400 nits, LED Backlight, Narrow Bezel, Low Power, Low Blue Light
Camera: 720P HD IR/RGB Hybrid with ThinkShutter and Human Presence Detection. Fingerprint Reader
Keyboard:Backlit, Black - English (US)
WLAN: Intel® Wi-Fi 6 AX201 2x2 AX & Bluetooth® 5.1 or above",1290,MASTERCARD,,YES,ASSIGNED,Close to Warranty Expiration,2018-12-20,2022-12-20
LT050,Laptop,IBM,"ThinkPad X1 Carbon Gen 9 Intel (14"") - Black","Processor: 11th Generation Intel® Core™ i5-1135G7 Processor (2.40 GHz up to 4.20 GHz)
Operating System: Windows 11 Pro 64
Graphics: Integrated Intel® Iris® Xe Graphics
Memory: 16 GB LPDDR4X-4266MHz (Soldered)
Storage: 512 GB SSD M.2 2280 PCIe TLC Opal
Display: 14"" WUXGA (1920 x 1200), IPS, Anti-Glare, Non-Touch, 100%sRGB, 400 nits, LED Backlight, Narrow Bezel, Low Power, Low Blue Light
Camera: 720P HD IR/RGB Hybrid with ThinkShutter and Human Presence Detection. Fingerprint Reader
Keyboard:Backlit, Black - English (US)
WLAN: Intel® Wi-Fi 6 AX201 2x2 AX & Bluetooth® 5.1 or above",1290,MASTERCARD,,YES,ASSIGNED,Close to Warranty Expiration,2018-12-20,2022-12-20
LT051,Laptop,IBM,"ThinkPad X1 Carbon Gen 9 Intel (14"") - Black","Processor: 11th Generation Intel® Core™ i5-1135G7 Processor (2.40 GHz up to 4.20 GHz)
Operating System: Windows 11 Pro 64
Graphics: Integrated Intel® Iris® Xe Graphics
Memory: 16 GB LPDDR4X-4266MHz (Soldered)
Storage: 512 GB SSD M.2 2280 PCIe TLC Opal
Display: 14"" WUXGA (1920 x 1200), IPS, Anti-Glare, Non-Touch, 100%sRGB, 400 nits, LED Backlight, Narrow Bezel, Low Power, Low Blue Light
Camera: 720P HD IR/RGB Hybrid with ThinkShutter and Human Presence Detection. Fingerprint Reader
Keyboard:Backlit, Black - English (US)
WLAN: Intel® Wi-Fi 6 AX201 2x2 AX & Bluetooth® 5.1 or above",1290,MASTERCARD,,YES,ASSIGNED,Close to Warranty Expiration,2018-12-20,2022-12-20
LT052,Laptop,IBM,"ThinkPad X1 Carbon Gen 9 Intel (14"") - Black","Processor: 11th Generation Intel® Core™ i5-1135G7 Processor (2.40 GHz up to 4.20 GHz)
Operating System: Windows 11 Pro 64
Graphics: Integrated Intel® Iris® Xe Graphics
Memory: 16 GB LPDDR4X-4266MHz (Soldered)
Storage: 512 GB SSD M.2 2280 PCIe TLC Opal
Display: 14"" WUXGA (1920 x 1200), IPS, Anti-Glare, Non-Touch, 100%sRGB, 400 nits, LED Backlight, Narrow Bezel, Low Power, Low Blue Light
Camera: 720P HD IR/RGB Hybrid with ThinkShutter and Human Presence Detection. Fingerprint Reader
Keyboard:Backlit, Black - English (US)
WLAN: Intel® Wi-Fi 6 AX201 2x2 AX & Bluetooth® 5.1 or above",1290,MASTERCARD,,YES,ASSIGNED,Close to Warranty Expiration,2018-12-20,2022-12-20
LT053,Laptop,IBM,"ThinkPad X1 Carbon Gen 9 Intel (14"") - Black","Processor: 11th Generation Intel® Core™ i5-1135G7 Processor (2.40 GHz up to 4.20 GHz)
Operating System: Windows 11 Pro 64
Graphics: Integrated Intel® Iris® Xe Graphics
Memory: 16 GB LPDDR4X-4266MHz (Soldered)
Storage: 512 GB SSD M.2 2280 PCIe TLC Opal
Display: 14"" WUXGA (1920 x 1200), IPS, Anti-Glare, Non-Touch, 100%sRGB, 400 nits, LED Backlight, Narrow Bezel, Low Power, Low Blue Light
Camera: 720P HD IR/RGB Hybrid with ThinkShutter and Human Presence Detection. Fingerprint Reader
Keyboard:Backlit, Black - English (US)
WLAN: Intel® Wi-Fi 6 AX201 2x2 AX & Bluetooth® 5.1 or above",1290,MASTERCARD,,YES,ASSIGNED,Close to Warranty Expiration,2018-12-20,2022-12-20
LT054,Laptop,IBM,"ThinkPad X1 Carbon Gen 9 Intel (14"") - Black","Processor: 11th Generation Intel® Core™ i5-1135G7 Processor (2.40 GHz up to 4.20 GHz)
Operating System: Windows 11 Pro 64
Graphics: Integrated Intel® Iris® Xe Graphics
Memory: 16 GB LPDDR4X-4266MHz (Soldered)
Storage: 512 GB SSD M.2 2280 PCIe TLC Opal
Display: 14"" WUXGA (1920 x 1200), IPS, Anti-Glare, Non-Touch, 100%sRGB, 400 nits, LED Backlight, Narrow Bezel, Low Power, Low Blue Light
Camera: 720P HD IR/RGB Hybrid with ThinkShutter and Human Presence Detection. Fingerprint Reader
Keyboard:Backlit, Black - English (US)
WLAN: Intel® Wi-Fi 6 AX201 2x2 AX & Bluetooth® 5.1 or above",1290,MASTERCARD,,YES,ASSIGNED,Close to Warranty Expiration,2018-12-20,2022-12-20
LT055,Laptop,IBM,"ThinkPad X1 Carbon Gen 9 Intel (14"") - Black","Processor: 11th Generation Intel® Core™ i5-1135G7 Processor (2.40 GHz up to 4.20 GHz)
Operating System: Windows 11 Pro 64
Graphics: Integrated Intel® Iris® Xe Graphics
Memory: 16 GB LPDDR4X-4266MHz (Soldered)
Storage: 512 GB SSD M.2 2280 PCIe TLC Opal
Display: 14"" WUXGA (1920 x 1200), IPS, Anti-Glare, Non-Touch, 100%sRGB, 400 nits, LED Backlight, Narrow Bezel, Low Power, Low Blue Light
Camera: 720P HD IR/RGB Hybrid with ThinkShutter and Human Presence Detection. Fingerprint Reader
Keyboard:Backlit, Black - English (US)
WLAN: Intel® Wi-Fi 6 AX201 2x2 AX & Bluetooth® 5.1 or above",1290,MASTERCARD,,YES,ASSIGNED,Close to Warranty Expiration,2018-12-20,2022-12-20
LT056,Laptop,IBM,"ThinkPad X1 Carbon Gen 9 Intel (14"") - Black","Processor: 11th Generation Intel® Core™ i5-1135G7 Processor (2.40 GHz up to 4.20 GHz)
Operating System: Windows 11 Pro 64
Graphics: Integrated Intel® Iris® Xe Graphics
Memory: 16 GB LPDDR4X-4266MHz (Soldered)
Storage: 512 GB SSD M.2 2280 PCIe TLC Opal
Display: 14"" WUXGA (1920 x 1200), IPS, Anti-Glare, Non-Touch, 100%sRGB, 400 nits, LED Backlight, Narrow Bezel, Low Power, Low Blue Light
Camera: 720P HD IR/RGB Hybrid with ThinkShutter and Human Presence Detection. Fingerprint Reader
Keyboard:Backlit, Black - English (US)
WLAN: Intel® Wi-Fi 6 AX201 2x2 AX & Bluetooth® 5.1 or above",1290,MASTERCARD,,YES,ASSIGNED,Close to Warranty Expiration,2018-12-20,2022-12-20
LT057,Laptop,IBM,"ThinkPad X1 Carbon Gen 9 Intel (14"") - Black","Processor: 11th Generation Intel® Core™ i5-1135G7 Processor (2.40 GHz up to 4.20 GHz)
Operating System: Windows 11 Pro 64
Graphics: Integrated Intel® Iris® Xe Graphics
Memory: 16 GB LPDDR4X-4266MHz (Soldered)
Storage: 512 GB SSD M.2 2280 PCIe TLC Opal
Display: 14"" WUXGA (1920 x 1200), IPS, Anti-Glare, Non-Touch, 100%sRGB, 400 nits, LED Backlight, Narrow Bezel, Low Power, Low Blue Light
Camera: 720P HD IR/RGB Hybrid with ThinkShutter and Human Presence Detection. Fingerprint Reader
Keyboard:Backlit, Black - English (US)
WLAN: Intel® Wi-Fi 6 AX201 2x2 AX & Bluetooth® 5.1 or above",1290,MASTERCARD,,YES,ASSIGNED,Close to Warranty Expiration,2018-12-20,2022-12-20
LT058,Laptop,IBM,"ThinkPad X1 Carbon Gen 9 Intel (14"") - Black","Processor: 11th Generation Intel® Core™ i5-1135G7 Processor (2.40 GHz up to 4.20 GHz)
Operating System: Windows 11 Pro 64
Graphics: Integrated Intel® Iris® Xe Graphics
Memory: 16 GB LPDDR4X-4266MHz (Soldered)
Storage: 512 GB SSD M.2 2280 PCIe TLC Opal
Display: 14"" WUXGA (1920 x 1200), IPS, Anti-Glare, Non-Touch, 100%sRGB, 400 nits, LED Backlight, Narrow Bezel, Low Power, Low Blue Light
Camera: 720P HD IR/RGB Hybrid with ThinkShutter and Human Presence Detection. Fingerprint Reader
Keyboard:Backlit, Black - English (US)
WLAN: Intel® Wi-Fi 6 AX201 2x2 AX & Bluetooth® 5.1 or above",1290,MASTERCARD,,YES,ASSIGNED,Close to Warranty Expiration,2018-12-20,2022-12-20
LT059,Laptop,IBM,"ThinkPad X1 Carbon Gen 9 Intel (14"") - Black","Processor: 11th Generation Intel® Core™ i5-1135G7 Processor (2.40 GHz up to 4.20 GHz)
Operating System: Windows 11 Pro 64
Graphics: Integrated Intel® Iris® Xe Graphics
Memory: 16 GB LPDDR4X-4266MHz (Soldered)
Storage: 512 GB SSD M.2 2280 PCIe TLC Opal
Display: 14"" WUXGA (1920 x 1200), IPS, Anti-Glare, Non-Touch, 100%sRGB, 400 nits, LED Backlight, Narrow Bezel, Low Power, Low Blue Light
Camera: 720P HD IR/RGB Hybrid with ThinkShutter and Human Presence Detection. Fingerprint Reader
Keyboard:Backlit, Black - English (US)
WLAN: Intel® Wi-Fi 6 AX201 2x2 AX & Bluetooth® 5.1 or above",1290,MASTERCARD,,YES,ASSIGNED,Close to Warranty Expiration,2018-12-20,2022-12-20
LT060,Laptop,DELL,"Dell Inspiron 15 5000 5570 15.6"" Full HD Touchscreen - 2019  ","Touchscreen (1920x1080) Laptop (Intel Quad-Core i5-8250U, 16GB DDR4, 500GB M.2 SSD+1TB HDD) HDMI, 802.11 AC WiFi, Ethernet, Bluetooth, Windows 1016GB DDR4 RAM; Storage: 512GB M. 2 SSD + 1TB HDD (Seal is broken for upgrades Only, Professional Installation Service included)
8th Generation Intel Quad Core i5-8250U (1. 6 GHz base frequency, up to 3. 4 GHz with Intel Turbo Boost Technology, 6 MB cache, 4 Cores 8 Threads)
15. 6 Inch Touchscreen FHD (1920x1080) (10-Finger Multi-TOUCH support) | Integrated Intel UHD Graphics 620 - Max Resolution (DP) 4K 4096x2304 at 60Hz",1140,AMEX,,YES,ASSIGNED,Close to Warranty Expiration,2019-04-10,2023-04-09
LT061,Laptop,DELL,"Dell Inspiron 15 5000 5570 15.6"" Full HD Touchscreen - 2019  ","Touchscreen (1920x1080) Laptop (Intel Quad-Core i5-8250U, 16GB DDR4, 500GB M.2 SSD+1TB HDD) HDMI, 802.11 AC WiFi, Ethernet, Bluetooth, Windows 1016GB DDR4 RAM; Storage: 512GB M. 2 SSD + 1TB HDD (Seal is broken for upgrades Only, Professional Installation Service included)
8th Generation Intel Quad Core i5-8250U (1. 6 GHz base frequency, up to 3. 4 GHz with Intel Turbo Boost Technology, 6 MB cache, 4 Cores 8 Threads)
15. 6 Inch Touchscreen FHD (1920x1080) (10-Finger Multi-TOUCH support) | Integrated Intel UHD Graphics 620 - Max Resolution (DP) 4K 4096x2304 at 60Hz",1140,AMEX,,YES,ASSIGNED,Close to Warranty Expiration,2019-04-10,2023-04-09
LT062,Laptop,DELL,"Dell Inspiron 15 5000 5570 15.6"" Full HD Touchscreen - 2019","Touchscreen (1920x1080) Laptop (Intel Quad-Core i5-8250U, 16GB DDR4, 500GB M.2 SSD+1TB HDD) HDMI, 802.11 AC WiFi, Ethernet, Bluetooth, Windows 1016GB DDR4 RAM; Storage: 512GB M. 2 SSD + 1TB HDD (Seal is broken for upgrades Only, Professional Installation Service included)
8th Generation Intel Quad Core i5-8250U (1. 6 GHz base frequency, up to 3. 4 GHz with Intel Turbo Boost Technology, 6 MB cache, 4 Cores 8 Threads)
15. 6 Inch Touchscreen FHD (1920x1080) (10-Finger Multi-TOUCH support) | Integrated Intel UHD Graphics 620 - Max Resolution (DP) 4K 4096x2304 at 60Hz",1140,AMEX,,YES,ASSIGNED,Close to Warranty Expiration,2019-04-10,2023-04-09
LT063,Laptop,DELL,"Dell Inspiron 15 5000 5570 15.6"" Full HD Touchscreen - 2019","Touchscreen (1920x1080) Laptop (Intel Quad-Core i5-8250U, 16GB DDR4, 500GB M.2 SSD+1TB HDD) HDMI, 802.11 AC WiFi, Ethernet, Bluetooth, Windows 1016GB DDR4 RAM; Storage: 512GB M. 2 SSD + 1TB HDD (Seal is broken for upgrades Only, Professional Installation Service included)
8th Generation Intel Quad Core i5-8250U (1. 6 GHz base frequency, up to 3. 4 GHz with Intel Turbo Boost Technology, 6 MB cache, 4 Cores 8 Threads)
15. 6 Inch Touchscreen FHD (1920x1080) (10-Finger Multi-TOUCH support) | Integrated Intel UHD Graphics 620 - Max Resolution (DP) 4K 4096x2304 at 60Hz",1140,AMEX,,YES,ASSIGNED,Close to Warranty Expiration,2019-04-10,2023-04-09
LT064,Laptop,DELL,"Dell Inspiron 15 5000 5570 15.6"" Full HD Touchscreen - 2019","Touchscreen (1920x1080) Laptop (Intel Quad-Core i5-8250U, 16GB DDR4, 500GB M.2 SSD+1TB HDD) HDMI, 802.11 AC WiFi, Ethernet, Bluetooth, Windows 1016GB DDR4 RAM; Storage: 512GB M. 2 SSD + 1TB HDD (Seal is broken for upgrades Only, Professional Installation Service included)
8th Generation Intel Quad Core i5-8250U (1. 6 GHz base frequency, up to 3. 4 GHz with Intel Turbo Boost Technology, 6 MB cache, 4 Cores 8 Threads)
15. 6 Inch Touchscreen FHD (1920x1080) (10-Finger Multi-TOUCH support) | Integrated Intel UHD Graphics 620 - Max Resolution (DP) 4K 4096x2304 at 60Hz",1140,AMEX,,YES,ASSIGNED,Close to Warranty Expiration,2019-04-10,2023-04-09
LT065,Laptop,DELL,"Dell Inspiron 15 5000 5570 15.6"" Full HD Touchscreen - 2019","Touchscreen (1920x1080) Laptop (Intel Quad-Core i5-8250U, 16GB DDR4, 500GB M.2 SSD+1TB HDD) HDMI, 802.11 AC WiFi, Ethernet, Bluetooth, Windows 1016GB DDR4 RAM; Storage: 512GB M. 2 SSD + 1TB HDD (Seal is broken for upgrades Only, Professional Installation Service included)
8th Generation Intel Quad Core i5-8250U (1. 6 GHz base frequency, up to 3. 4 GHz with Intel Turbo Boost Technology, 6 MB cache, 4 Cores 8 Threads)
15. 6 Inch Touchscreen FHD (1920x1080) (10-Finger Multi-TOUCH support) | Integrated Intel UHD Graphics 620 - Max Resolution (DP) 4K 4096x2304 at 60Hz",1140,AMEX,,YES,ASSIGNED,Close to Warranty Expiration,2019-04-10,2023-04-09
LT066,Laptop,DELL,"Dell Inspiron 15 5000 5570 15.6"" Full HD Touchscreen - 2019","Touchscreen (1920x1080) Laptop (Intel Quad-Core i5-8250U, 16GB DDR4, 500GB M.2 SSD+1TB HDD) HDMI, 802.11 AC WiFi, Ethernet, Bluetooth, Windows 1016GB DDR4 RAM; Storage: 512GB M. 2 SSD + 1TB HDD (Seal is broken for upgrades Only, Professional Installation Service included)
8th Generation Intel Quad Core i5-8250U (1. 6 GHz base frequency, up to 3. 4 GHz with Intel Turbo Boost Technology, 6 MB cache, 4 Cores 8 Threads)
15. 6 Inch Touchscreen FHD (1920x1080) (10-Finger Multi-TOUCH support) | Integrated Intel UHD Graphics 620 - Max Resolution (DP) 4K 4096x2304 at 60Hz",1140,AMEX,,YES,ASSIGNED,Close to Warranty Expiration,2019-04-10,2023-04-09
LT067,Laptop,DELL,"Dell Inspiron 15 5000 5570 15.6"" Full HD Touchscreen - 2019","Touchscreen (1920x1080) Laptop (Intel Quad-Core i5-8250U, 16GB DDR4, 500GB M.2 SSD+1TB HDD) HDMI, 802.11 AC WiFi, Ethernet, Bluetooth, Windows 1016GB DDR4 RAM; Storage: 512GB M. 2 SSD + 1TB HDD (Seal is broken for upgrades Only, Professional Installation Service included)
8th Generation Intel Quad Core i5-8250U (1. 6 GHz base frequency, up to 3. 4 GHz with Intel Turbo Boost Technology, 6 MB cache, 4 Cores 8 Threads)
15. 6 Inch Touchscreen FHD (1920x1080) (10-Finger Multi-TOUCH support) | Integrated Intel UHD Graphics 620 - Max Resolution (DP) 4K 4096x2304 at 60Hz",1140,AMEX,,YES,ASSIGNED,Close to Warranty Expiration,2019-04-10,2023-04-09
LT068,Laptop,DELL,"Dell Inspiron 15 5000 5570 15.6"" Full HD Touchscreen - 2019","Touchscreen (1920x1080) Laptop (Intel Quad-Core i5-8250U, 16GB DDR4, 500GB M.2 SSD+1TB HDD) HDMI, 802.11 AC WiFi, Ethernet, Bluetooth, Windows 1016GB DDR4 RAM; Storage: 512GB M. 2 SSD + 1TB HDD (Seal is broken for upgrades Only, Professional Installation Service included)
8th Generation Intel Quad Core i5-8250U (1. 6 GHz base frequency, up to 3. 4 GHz with Intel Turbo Boost Technology, 6 MB cache, 4 Cores 8 Threads)
15. 6 Inch Touchscreen FHD (1920x1080) (10-Finger Multi-TOUCH support) | Integrated Intel UHD Graphics 620 - Max Resolution (DP) 4K 4096x2304 at 60Hz",1140,AMEX,,YES,ASSIGNED,Close to Warranty Expiration,2019-04-10,2023-04-09
LT069,Laptop,DELL,"Dell Inspiron 15 5000 5570 15.6"" Full HD Touchscreen - 2019","Touchscreen (1920x1080) Laptop (Intel Quad-Core i5-8250U, 16GB DDR4, 500GB M.2 SSD+1TB HDD) HDMI, 802.11 AC WiFi, Ethernet, Bluetooth, Windows 1016GB DDR4 RAM; Storage: 512GB M. 2 SSD + 1TB HDD (Seal is broken for upgrades Only, Professional Installation Service included)
8th Generation Intel Quad Core i5-8250U (1. 6 GHz base frequency, up to 3. 4 GHz with Intel Turbo Boost Technology, 6 MB cache, 4 Cores 8 Threads)
15. 6 Inch Touchscreen FHD (1920x1080) (10-Finger Multi-TOUCH support) | Integrated Intel UHD Graphics 620 - Max Resolution (DP) 4K 4096x2304 at 60Hz",1140,AMEX,,YES,ASSIGNED,Close to Warranty Expiration,2019-04-10,2023-04-09
LT070,Laptop,DELL,"Dell Inspiron 15 5000 5570 15.6"" Full HD Touchscreen - 2019","Touchscreen (1920x1080) Laptop (Intel Quad-Core i5-8250U, 16GB DDR4, 500GB M.2 SSD+1TB HDD) HDMI, 802.11 AC WiFi, Ethernet, Bluetooth, Windows 1016GB DDR4 RAM; Storage: 512GB M. 2 SSD + 1TB HDD (Seal is broken for upgrades Only, Professional Installation Service included)
8th Generation Intel Quad Core i5-8250U (1. 6 GHz base frequency, up to 3. 4 GHz with Intel Turbo Boost Technology, 6 MB cache, 4 Cores 8 Threads)
15. 6 Inch Touchscreen FHD (1920x1080) (10-Finger Multi-TOUCH support) | Integrated Intel UHD Graphics 620 - Max Resolution (DP) 4K 4096x2304 at 60Hz",1140,AMEX,,YES,ASSIGNED,Close to Warranty Expiration,2019-04-10,2023-04-09
LT071,Laptop,DELL,"Dell Inspiron 15 5000 5570 15.6"" Full HD Touchscreen - 2019","Touchscreen (1920x1080) Laptop (Intel Quad-Core i5-8250U, 16GB DDR4, 500GB M.2 SSD+1TB HDD) HDMI, 802.11 AC WiFi, Ethernet, Bluetooth, Windows 1016GB DDR4 RAM; Storage: 512GB M. 2 SSD + 1TB HDD (Seal is broken for upgrades Only, Professional Installation Service included)
8th Generation Intel Quad Core i5-8250U (1. 6 GHz base frequency, up to 3. 4 GHz with Intel Turbo Boost Technology, 6 MB cache, 4 Cores 8 Threads)
15. 6 Inch Touchscreen FHD (1920x1080) (10-Finger Multi-TOUCH support) | Integrated Intel UHD Graphics 620 - Max Resolution (DP) 4K 4096x2304 at 60Hz",1140,AMEX,,YES,ASSIGNED,Close to Warranty Expiration,2019-04-10,2023-04-09
LT072,Laptop,DELL,"Dell Inspiron 15 5000 5570 15.6"" Full HD Touchscreen - 2019","Touchscreen (1920x1080) Laptop (Intel Quad-Core i5-8250U, 16GB DDR4, 500GB M.2 SSD+1TB HDD) HDMI, 802.11 AC WiFi, Ethernet, Bluetooth, Windows 1016GB DDR4 RAM; Storage: 512GB M. 2 SSD + 1TB HDD (Seal is broken for upgrades Only, Professional Installation Service included)
8th Generation Intel Quad Core i5-8250U (1. 6 GHz base frequency, up to 3. 4 GHz with Intel Turbo Boost Technology, 6 MB cache, 4 Cores 8 Threads)
15. 6 Inch Touchscreen FHD (1920x1080) (10-Finger Multi-TOUCH support) | Integrated Intel UHD Graphics 620 - Max Resolution (DP) 4K 4096x2304 at 60Hz",1140,AMEX,,YES,ASSIGNED,Close to Warranty Expiration,2019-04-10,2023-04-09
LT073,Laptop,DELL,"Dell Inspiron 15 5000 5570 15.6"" Full HD Touchscreen - 2019","Touchscreen (1920x1080) Laptop (Intel Quad-Core i5-8250U, 16GB DDR4, 500GB M.2 SSD+1TB HDD) HDMI, 802.11 AC WiFi, Ethernet, Bluetooth, Windows 1016GB DDR4 RAM; Storage: 512GB M. 2 SSD + 1TB HDD (Seal is broken for upgrades Only, Professional Installation Service included)
8th Generation Intel Quad Core i5-8250U (1. 6 GHz base frequency, up to 3. 4 GHz with Intel Turbo Boost Technology, 6 MB cache, 4 Cores 8 Threads)
15. 6 Inch Touchscreen FHD (1920x1080) (10-Finger Multi-TOUCH support) | Integrated Intel UHD Graphics 620 - Max Resolution (DP) 4K 4096x2304 at 60Hz",1140,AMEX,,YES,ASSIGNED,Close to Warranty Expiration,2019-04-10,2023-04-09
LT074,Laptop,DELL,"Dell Inspiron 15 5000 5570 15.6"" Full HD Touchscreen - 2019","Touchscreen (1920x1080) Laptop (Intel Quad-Core i5-8250U, 16GB DDR4, 500GB M.2 SSD+1TB HDD) HDMI, 802.11 AC WiFi, Ethernet, Bluetooth, Windows 1016GB DDR4 RAM; Storage: 512GB M. 2 SSD + 1TB HDD (Seal is broken for upgrades Only, Professional Installation Service included)
8th Generation Intel Quad Core i5-8250U (1. 6 GHz base frequency, up to 3. 4 GHz with Intel Turbo Boost Technology, 6 MB cache, 4 Cores 8 Threads)
15. 6 Inch Touchscreen FHD (1920x1080) (10-Finger Multi-TOUCH support) | Integrated Intel UHD Graphics 620 - Max Resolution (DP) 4K 4096x2304 at 60Hz",1140,AMEX,,YES,ASSIGNED,Close to Warranty Expiration,2019-04-10,2023-04-09
LT075,Laptop,DELL,"Dell Inspiron 15 5000 5570 15.6"" Full HD Touchscreen - 2019","Touchscreen (1920x1080) Laptop (Intel Quad-Core i5-8250U, 16GB DDR4, 500GB M.2 SSD+1TB HDD) HDMI, 802.11 AC WiFi, Ethernet, Bluetooth, Windows 1016GB DDR4 RAM; Storage: 512GB M. 2 SSD + 1TB HDD (Seal is broken for upgrades Only, Professional Installation Service included)
8th Generation Intel Quad Core i5-8250U (1. 6 GHz base frequency, up to 3. 4 GHz with Intel Turbo Boost Technology, 6 MB cache, 4 Cores 8 Threads)
15. 6 Inch Touchscreen FHD (1920x1080) (10-Finger Multi-TOUCH support) | Integrated Intel UHD Graphics 620 - Max Resolution (DP) 4K 4096x2304 at 60Hz",1140,AMEX,,YES,SPARE,Close to Warranty Expiration,2019-04-10,2023-04-09
LT076,Laptop,DELL,"Dell Inspiron 15 5000 5570 15.6"" Full HD Touchscreen - 2019","Touchscreen (1920x1080) Laptop (Intel Quad-Core i5-8250U, 16GB DDR4, 500GB M.2 SSD+1TB HDD) HDMI, 802.11 AC WiFi, Ethernet, Bluetooth, Windows 1016GB DDR4 RAM; Storage: 512GB M. 2 SSD + 1TB HDD (Seal is broken for upgrades Only, Professional Installation Service included)
8th Generation Intel Quad Core i5-8250U (1. 6 GHz base frequency, up to 3. 4 GHz with Intel Turbo Boost Technology, 6 MB cache, 4 Cores 8 Threads)
15. 6 Inch Touchscreen FHD (1920x1080) (10-Finger Multi-TOUCH support) | Integrated Intel UHD Graphics 620 - Max Resolution (DP) 4K 4096x2304 at 60Hz",1140,AMEX,,YES,SPARE,Close to Warranty Expiration,2019-04-10,2023-04-09
LT077,Laptop,DELL,"Dell Inspiron 15 5000 5570 15.6"" Full HD Touchscreen - 2019","Touchscreen (1920x1080) Laptop (Intel Quad-Core i5-8250U, 16GB DDR4, 500GB M.2 SSD+1TB HDD) HDMI, 802.11 AC WiFi, Ethernet, Bluetooth, Windows 1016GB DDR4 RAM; Storage: 512GB M. 2 SSD + 1TB HDD (Seal is broken for upgrades Only, Professional Installation Service included)
8th Generation Intel Quad Core i5-8250U (1. 6 GHz base frequency, up to 3. 4 GHz with Intel Turbo Boost Technology, 6 MB cache, 4 Cores 8 Threads)
15. 6 Inch Touchscreen FHD (1920x1080) (10-Finger Multi-TOUCH support) | Integrated Intel UHD Graphics 620 - Max Resolution (DP) 4K 4096x2304 at 60Hz",1140,AMEX,,YES,SPARE,Close to Warranty Expiration,2019-04-10,2023-04-09
LT078,Laptop,DELL,"Dell Inspiron 15 5000 5570 15.6"" Full HD Touchscreen - 2019","Touchscreen (1920x1080) Laptop (Intel Quad-Core i5-8250U, 16GB DDR4, 500GB M.2 SSD+1TB HDD) HDMI, 802.11 AC WiFi, Ethernet, Bluetooth, Windows 1016GB DDR4 RAM; Storage: 512GB M. 2 SSD + 1TB HDD (Seal is broken for upgrades Only, Professional Installation Service included)
8th Generation Intel Quad Core i5-8250U (1. 6 GHz base frequency, up to 3. 4 GHz with Intel Turbo Boost Technology, 6 MB cache, 4 Cores 8 Threads)
15. 6 Inch Touchscreen FHD (1920x1080) (10-Finger Multi-TOUCH support) | Integrated Intel UHD Graphics 620 - Max Resolution (DP) 4K 4096x2304 at 60Hz",1140,AMEX,,YES,SPARE,Close to Warranty Expiration,2019-04-10,2023-04-09
LT079,Laptop,DELL,"Dell Inspiron 15 5000 5570 15.6"" Full HD Touchscreen - 2019","Touchscreen (1920x1080) Laptop (Intel Quad-Core i5-8250U, 16GB DDR4, 500GB M.2 SSD+1TB HDD) HDMI, 802.11 AC WiFi, Ethernet, Bluetooth, Windows 1016GB DDR4 RAM; Storage: 512GB M. 2 SSD + 1TB HDD (Seal is broken for upgrades Only, Professional Installation Service included)
8th Generation Intel Quad Core i5-8250U (1. 6 GHz base frequency, up to 3. 4 GHz with Intel Turbo Boost Technology, 6 MB cache, 4 Cores 8 Threads)
15. 6 Inch Touchscreen FHD (1920x1080) (10-Finger Multi-TOUCH support) | Integrated Intel UHD Graphics 620 - Max Resolution (DP) 4K 4096x2304 at 60Hz",1140,AMEX,,YES,SPARE,Close to Warranty Expiration,2019-04-10,2023-04-09
LT080,Laptop,IBM,"Lenovo ThinkPad P15 Gen 2 - 15.6"" - Xeon W-11855M - vPro - 32 GB RAM - 1 TB","ThinkPad P15 G2, Intel Xeon W-11855M (3.20GHz,) 15.6 1920 x 1080 Non-Touch, Windows 10 Pro for Workstations 64, 32.0GB, 1x1TB SSD, M.2 2280, PCIe Gen4 Performance NVMe, OPAL2.0, TLC, NVIDIA RTX A2000 4GB, Wi-Fi 6E AX210,Bluetooth 5.1, IR&RGB Camera, 6 Cell Li-Pol 94Wh, 3YR Premier NBD.",2850,MASTERCARD,,YES,ASSIGNED,Mid-Warranty,2022-02-10,2026-02-09
LT081,Laptop,IBM,"Lenovo ThinkPad P15 Gen 2 - 15.6"" - Xeon W-11855M - vPro - 32 GB RAM - 1 TB","ThinkPad P15 G2, Intel Xeon W-11855M (3.20GHz,) 15.6 1920 x 1080 Non-Touch, Windows 10 Pro for Workstations 64, 32.0GB, 1x1TB SSD, M.2 2280, PCIe Gen4 Performance NVMe, OPAL2.0, TLC, NVIDIA RTX A2000 4GB, Wi-Fi 6E AX210,Bluetooth 5.1, IR&RGB Camera, 6 Cell Li-Pol 94Wh, 3YR Premier NBD.",2850,MASTERCARD,,YES,ASSIGNED,Mid-Warranty,2022-02-10,2026-02-09
LT082,Laptop,IBM,"Lenovo ThinkPad P15 Gen 2 - 15.6"" - Xeon W-11855M - vPro - 32 GB RAM - 1 TB","ThinkPad P15 G2, Intel Xeon W-11855M (3.20GHz,) 15.6 1920 x 1080 Non-Touch, Windows 10 Pro for Workstations 64, 32.0GB, 1x1TB SSD, M.2 2280, PCIe Gen4 Performance NVMe, OPAL2.0, TLC, NVIDIA RTX A2000 4GB, Wi-Fi 6E AX210,Bluetooth 5.1, IR&RGB Camera, 6 Cell Li-Pol 94Wh, 3YR Premier NBD.",2850,MASTERCARD,,YES,ASSIGNED,Mid-Warranty,2022-02-10,2026-02-09
LT083,Laptop,IBM,"Lenovo ThinkPad P15 Gen 2 - 15.6"" - Xeon W-11855M - vPro - 32 GB RAM - 1 TB","ThinkPad P15 G2, Intel Xeon W-11855M (3.20GHz,) 15.6 1920 x 1080 Non-Touch, Windows 10 Pro for Workstations 64, 32.0GB, 1x1TB SSD, M.2 2280, PCIe Gen4 Performance NVMe, OPAL2.0, TLC, NVIDIA RTX A2000 4GB, Wi-Fi 6E AX210,Bluetooth 5.1, IR&RGB Camera, 6 Cell Li-Pol 94Wh, 3YR Premier NBD.",2850,MASTERCARD,,YES,ASSIGNED,Mid-Warranty,2022-02-10,2026-02-09
LT084,Laptop,IBM,"Lenovo ThinkPad P15 Gen 2 - 15.6"" - Xeon W-11855M - vPro - 32 GB RAM - 1 TB","ThinkPad P15 G2, Intel Xeon W-11855M (3.20GHz,) 15.6 1920 x 1080 Non-Touch, Windows 10 Pro for Workstations 64, 32.0GB, 1x1TB SSD, M.2 2280, PCIe Gen4 Performance NVMe, OPAL2.0, TLC, NVIDIA RTX A2000 4GB, Wi-Fi 6E AX210,Bluetooth 5.1, IR&RGB Camera, 6 Cell Li-Pol 94Wh, 3YR Premier NBD.",2850,MASTERCARD,,YES,ASSIGNED,Mid-Warranty,2022-02-10,2026-02-09
LT085,Laptop,IBM,"Lenovo ThinkPad P15 Gen 2 - 15.6"" - Xeon W-11855M - vPro - 32 GB RAM - 1 TB","ThinkPad P15 G2, Intel Xeon W-11855M (3.20GHz,) 15.6 1920 x 1080 Non-Touch, Windows 10 Pro for Workstations 64, 32.0GB, 1x1TB SSD, M.2 2280, PCIe Gen4 Performance NVMe, OPAL2.0, TLC, NVIDIA RTX A2000 4GB, Wi-Fi 6E AX210,Bluetooth 5.1, IR&RGB Camera, 6 Cell Li-Pol 94Wh, 3YR Premier NBD.",2850,MASTERCARD,,YES,ASSIGNED,Mid-Warranty,2022-02-10,2026-02-09
LT086,Laptop,IBM,"Lenovo ThinkPad P15 Gen 2 - 15.6"" - Xeon W-11855M - vPro - 32 GB RAM - 1 TB","ThinkPad P15 G2, Intel Xeon W-11855M (3.20GHz,) 15.6 1920 x 1080 Non-Touch, Windows 10 Pro for Workstations 64, 32.0GB, 1x1TB SSD, M.2 2280, PCIe Gen4 Performance NVMe, OPAL2.0, TLC, NVIDIA RTX A2000 4GB, Wi-Fi 6E AX210,Bluetooth 5.1, IR&RGB Camera, 6 Cell Li-Pol 94Wh, 3YR Premier NBD.",2850,MASTERCARD,,YES,ASSIGNED,Mid-Warranty,2022-02-10,2026-02-09
LT087,Laptop,IBM,"Lenovo ThinkPad P15 Gen 2 - 15.6"" - Xeon W-11855M - vPro - 32 GB RAM - 1 TB","ThinkPad P15 G2, Intel Xeon W-11855M (3.20GHz,) 15.6 1920 x 1080 Non-Touch, Windows 10 Pro for Workstations 64, 32.0GB, 1x1TB SSD, M.2 2280, PCIe Gen4 Performance NVMe, OPAL2.0, TLC, NVIDIA RTX A2000 4GB, Wi-Fi 6E AX210,Bluetooth 5.1, IR&RGB Camera, 6 Cell Li-Pol 94Wh, 3YR Premier NBD.",2850,MASTERCARD,,YES,ASSIGNED,Mid-Warranty,2022-02-10,2026-02-09
LT088,Laptop,IBM,"Lenovo ThinkPad P15 Gen 2 - 15.6"" - Xeon W-11855M - vPro - 32 GB RAM - 1 TB","ThinkPad P15 G2, Intel Xeon W-11855M (3.20GHz,) 15.6 1920 x 1080 Non-Touch, Windows 10 Pro for Workstations 64, 32.0GB, 1x1TB SSD, M.2 2280, PCIe Gen4 Performance NVMe, OPAL2.0, TLC, NVIDIA RTX A2000 4GB, Wi-Fi 6E AX210,Bluetooth 5.1, IR&RGB Camera, 6 Cell Li-Pol 94Wh, 3YR Premier NBD.",2850,MASTERCARD,,YES,ASSIGNED,Mid-Warranty,2022-02-10,2026-02-09
LT089,Laptop,IBM,"Lenovo ThinkPad P15 Gen 2 - 15.6"" - Xeon W-11855M - vPro - 32 GB RAM - 1 TB","ThinkPad P15 G2, Intel Xeon W-11855M (3.20GHz,) 15.6 1920 x 1080 Non-Touch, Windows 10 Pro for Workstations 64, 32.0GB, 1x1TB SSD, M.2 2280, PCIe Gen4 Performance NVMe, OPAL2.0, TLC, NVIDIA RTX A2000 4GB, Wi-Fi 6E AX210,Bluetooth 5.1, IR&RGB Camera, 6 Cell Li-Pol 94Wh, 3YR Premier NBD.",2850,MASTERCARD,,YES,ASSIGNED,Mid-Warranty,2022-02-10,2026-02-09
LT090,Laptop,IBM,"Lenovo ThinkPad P15 Gen 2 - 15.6"" - Xeon W-11855M - vPro - 32 GB RAM - 1 TB","ThinkPad P15 G2, Intel Xeon W-11855M (3.20GHz,) 15.6 1920 x 1080 Non-Touch, Windows 10 Pro for Workstations 64, 32.0GB, 1x1TB SSD, M.2 2280, PCIe Gen4 Performance NVMe, OPAL2.0, TLC, NVIDIA RTX A2000 4GB, Wi-Fi 6E AX210,Bluetooth 5.1, IR&RGB Camera, 6 Cell Li-Pol 94Wh, 3YR Premier NBD.",2850,MASTERCARD,,YES,ASSIGNED,Mid-Warranty,2022-02-10,2026-02-09
LT091,Laptop,IBM,"Lenovo ThinkPad P15 Gen 2 - 15.6"" - Xeon W-11855M - vPro - 32 GB RAM - 1 TB","ThinkPad P15 G2, Intel Xeon W-11855M (3.20GHz,) 15.6 1920 x 1080 Non-Touch, Windows 10 Pro for Workstations 64, 32.0GB, 1x1TB SSD, M.2 2280, PCIe Gen4 Performance NVMe, OPAL2.0, TLC, NVIDIA RTX A2000 4GB, Wi-Fi 6E AX210,Bluetooth 5.1, IR&RGB Camera, 6 Cell Li-Pol 94Wh, 3YR Premier NBD.",2850,MASTERCARD,,YES,SPARE,NEW,2022-02-10,2026-02-09
LT092,Laptop,IBM,"Lenovo ThinkPad P15 Gen 2 - 15.6"" - Xeon W-11855M - vPro - 32 GB RAM - 1 TB","ThinkPad P15 G2, Intel Xeon W-11855M (3.20GHz,) 15.6 1920 x 1080 Non-Touch, Windows 10 Pro for Workstations 64, 32.0GB, 1x1TB SSD, M.2 2280, PCIe Gen4 Performance NVMe, OPAL2.0, TLC, NVIDIA RTX A2000 4GB, Wi-Fi 6E AX210,Bluetooth 5.1, IR&RGB Camera, 6 Cell Li-Pol 94Wh, 3YR Premier NBD.",2850,MASTERCARD,,YES,SPARE,NEW,2022-02-10,2026-02-09
LT093,Laptop,IBM,"Lenovo ThinkPad P15 Gen 2 - 15.6"" - Xeon W-11855M - vPro - 32 GB RAM - 1 TB","ThinkPad P15 G2, Intel Xeon W-11855M (3.20GHz,) 15.6 1920 x 1080 Non-Touch, Windows 10 Pro for Workstations 64, 32.0GB, 1x1TB SSD, M.2 2280, PCIe Gen4 Performance NVMe, OPAL2.0, TLC, NVIDIA RTX A2000 4GB, Wi-Fi 6E AX210,Bluetooth 5.1, IR&RGB Camera, 6 Cell Li-Pol 94Wh, 3YR Premier NBD.",2850,MASTERCARD,,YES,SPARE,NEW,2022-02-10,2026-02-09
Rack Server1,Server,DELL,PowerEdge R940 Rack Server,"Processor Up to four 2nd Generation Intel® Xeon® Scalable processors, up to 28 cores each
Memory 48 DDR4 DIMM slots, Supports RDIMM /LRDIMM, up to 2933MT/s, 6TB max
Up to 12 NVDIMM, 384GB Max
Up to 24 Intel® Optane™ persistent memory PMem, max 12.28TB, (15.36TB max with PMem and LDRIMM)
Supports registered ECC DDR4 DIMMs only
Storage controllers
Internal boot
Internal Controllers: PERC H330, H730P, H740P, HBA330
External Controllers: H840, 12 Gbps SAS HBA
Software RAID:S140
Boot Optimized Storage Subsystem (BOSS):HWRAID 2 x M.2 SSDs 240GB, 480GB
Internal Dual SD Module1
Drive bays Front drive bays: Up to 24 x 2.5” SAS/SATA (HDD/SSD) with up to 12 NVMe PCIe SSD, max 184.32TB
Power supplies Platinum 1100W, 1100W 380VDC,
1600W, 2000W, 2400W
Gold 1100W-48VDC
Hot plug power supplies with full redundancy option
8 hot plugs fans with full redundancy
Dimensions Form factor: Rack (3U) Height: 130.3mm (5.13”)
Width: 434mm (17.08”)
Depth: 784.2mm (30.8”)
Weight: 49.9kg (110lbs.)
*Dimensions do not include bezel
Embedded management IPMI 2.0 compliant
iDRAC9, iDRAC Direct, iDRAC RESTful with Redfish
Quick Sync 2 wireless module (optional)
Bezel Optional LCD or security bezel
OpenManage™ Software OpenManage Enterprise OpenManage Mobile
OpenManage Power Center
Integrations and
connections
Integrations:
Microsoft® System Center
VMware® vCenter™
BMC Truesight
Red® Hat Ansible Modules
Connections:
Nagios Core & Nagios XI
Micro Focus Operations Manager I
IBM Tivoli Netcool/OMNIbus ",11850,MASTERCARD,,NO,ASSIGNED,Mid-Warranty,2022-10-01,2025-09-30
VPs Printer,Printer,DELL,Dell B5460dn Wireless Monochrome Laser Printer (40GD210),"Low cost-per-page: Print at just US 1 cent per page (when using extra-high-yield 45,000 page cartridge)
Outstanding reliability: Offers a maximum high duty cycle of up to 2,75,000 pages per month to easily meet high volume printing demands
Maximum network performance: Built-in gigabit Ethernet port for blazing data transfer.
Fast speeds: Print of up to 63 pages per minute (ppm) (letter), 60 ppm (A4)
A powerful 800 MHz Dual-Core processor and 512MB5 on-board memory generate a ""first page-out"" time of only 4.4 seconds
Dell B5460dn supports Dell Mobile Print for Android™ OS devices (available in Google Play)
Windows® 10 compatible",799,AMEX,,NO,ASSIGNED,Close to Warranty Expiration,2020-12-20,2022-12-20
